date,Volume,VWAP,Open,Close,High,Low,Trades,MA_Short,MA_Long
2024-09-18,78010204.0,230.0429,230.09,227.2,235.68,226.88,965527,,
2024-09-19,102694576.0,240.64,234.0,243.92,244.24,232.13,1283390,,
2024-09-20,99879070.0,239.1495,241.52,238.25,243.99,235.92,1024302,,
2024-09-23,86927194.0,247.9753,242.61,250.0,250.0,241.92,1135399,,
2024-09-24,88490999.0,253.3512,254.08,254.27,257.19,249.0501,1115225,,
2024-09-25,65034318.0,255.3514,252.54,257.02,257.05,252.28,878573,,
2024-09-26,67142193.0,255.9708,260.6,254.22,261.75,251.53,848598,,
2024-09-27,70988067.0,258.2508,257.375,260.46,260.6999,254.12,933692,,
2024-09-30,80873381.0,260.113,259.04,261.63,264.86,255.77,1081088,,
2024-10-01,87397613.0,255.2818,262.67,258.02,263.98,248.53,1158965,,
2024-10-02,93983930.0,247.5178,247.55,249.02,251.1585,241.5,1255142,,
2024-10-03,80729240.0,242.9588,244.48,240.66,249.79,237.81,1046594,,
2024-10-04,86726285.0,248.1273,246.69,250.08,250.96,244.58,1105878,,
2024-10-07,68113270.0,244.2928,249.0,240.83,249.83,240.7,1020620,,
2024-10-08,56303160.0,244.1444,243.56,244.5,246.21,240.56,789918,,
2024-10-09,66289529.0,243.4745,243.82,241.05,247.43,239.51,907028,,
2024-10-10,83087063.0,239.0109,241.81,238.77,242.7899,232.34,1091415,,
2024-10-11,142628874.0,219.676,220.13,217.8,223.34,214.38,2106777,,
2024-10-14,86291923.0,218.5058,220.13,219.16,221.91,213.74,1345398,,
2024-10-15,62988787.0,220.5047,220.01,219.57,224.26,217.12,918555,243.32150000000001,
2024-10-16,49632824.0,220.8726,221.4,221.33,222.8199,218.93,733493,243.02800000000002,
2024-10-17,50791784.0,220.1581,221.59,220.89,222.08,217.9,751927,241.8765,
2024-10-18,49611867.0,221.0,220.71,220.7,222.28,219.23,689769,240.99900000000002,
2024-10-21,47328988.0,218.3276,218.9,218.85,220.48,215.726,817710,239.4415,
2024-10-22,43268741.0,216.9078,217.31,217.97,218.22,215.26,727711,237.6265,
2024-10-23,80938892.0,220.8349,217.125,213.65,218.72,212.11,1217483,235.458,
2024-10-24,204491903.0,253.1151,244.68,260.48,262.1199,242.65,2592173,235.77100000000002,
2024-10-25,161611931.0,265.7757,256.01,269.19,269.49,255.32,1911797,236.20749999999998,
2024-10-28,107653603.0,268.1257,270.0,262.51,273.536,262.24,1410052,236.2515,
2024-10-29,80521751.0,259.5621,264.51,259.52,264.98,255.51,1099634,236.32649999999998,
2024-10-30,53993576.0,260.328,258.035,257.55,263.35,255.8201,827316,236.753,
2024-10-31,66575292.0,252.6946,257.99,249.85,259.75,249.25,900186,237.2125,
2024-11-01,57544757.0,249.997,252.043,248.98,254.0,246.63,850441,237.15749999999997,
2024-11-04,68802354.0,244.1859,244.56,242.84,248.9,238.88,977682,237.25799999999998,
2024-11-05,69282505.0,252.3652,247.34,251.44,255.2799,246.2101,979572,237.60500000000002,
2024-11-06,165228710.0,285.0845,284.67,288.53,289.59,275.62,2645076,239.97899999999998,
2024-11-07,117309232.0,295.4269,288.89,296.91,299.75,285.52,1752205,242.88600000000002,
2024-11-08,204782763.0,316.421,299.14,321.22,328.71,297.66,2910016,248.05700000000002,
2024-11-11,210521625.0,346.3343,346.3,350.0,358.64,336.0,3203855,254.59900000000002,
2024-11-12,155726016.0,335.0725,342.74,328.49,345.84,323.31,2435545,260.04499999999996,
2024-11-13,125405599.0,331.7246,335.85,330.24,344.5999,322.5,1770604,265.4905,
2024-11-14,120726109.0,317.5707,327.69,311.18,329.98,310.37,1702771,270.005,
2024-11-15,114440286.0,317.958,310.57,320.72,324.6799,309.22,1499022,275.006,
2024-11-18,126547455.0,340.5484,340.73,338.74,348.5499,330.01,1764438,281.0005,
2024-11-19,88852452.0,342.5891,335.76,346.0,347.3799,332.75,1227344,287.402,
2024-11-20,66340650.0,339.8731,345.0,342.03,346.5999,334.3,964275,293.821,
2024-11-21,58011719.0,341.8335,343.81,339.64,347.9899,335.28,894804,297.779,
2024-11-22,89140722.0,350.0932,341.085,352.56,361.53,337.7,1211368,301.9475,
2024-11-25,95890899.0,348.8694,360.14,338.59,361.93,338.2,1352217,305.75149999999996,
2024-11-26,62295857.0,341.2733,341.0,338.23,346.96,335.66,900077,309.687,268.5052
2024-11-27,57896439.0,333.1307,341.8,332.89,342.55,326.59,878200,313.454,270.61899999999997
2024-11-29,37167621.0,340.3904,336.08,345.16,345.45,334.6501,519477,318.21950000000004,272.6438
2024-12-02,77986478.0,355.6961,352.38,357.09,360.0,351.1501,1117599,323.625,275.0206
2024-12-03,58267196.0,351.0855,351.8,351.42,355.69,348.2,834919,329.054,277.049
2024-12-04,50810874.0,353.3553,353.0,357.93,358.1,348.6,706523,334.3785,279.1222
2024-12-05,81403569.0,369.9048,359.87,369.49,375.43,359.5,1212221,338.4265,281.3716
2024-12-06,81455834.0,378.9321,377.42,389.22,389.49,370.8,1145513,343.04200000000003,284.07160000000005
2024-12-09,96359173.0,389.3853,397.61,389.79,404.8,378.01,1488655,346.4705,286.6582
2024-12-10,97563578.0,403.1231,392.68,400.99,409.73,390.85,1458459,349.02,289.4454
2024-12-11,104287559.0,414.9586,409.7,424.77,424.88,402.38,1533094,353.834,292.7804
2024-12-12,87752225.0,421.7664,424.84,418.1,429.3,415.0,1397331,358.227,296.16200000000003
2024-12-13,89000158.0,428.4493,420.0,436.23,436.3,415.71,1319682,364.47950000000003,300.0734
2024-12-16,114083811.0,453.3926,441.09,463.02,463.19,436.15,1906382,371.5945,304.3322
2024-12-17,131222978.0,473.8162,475.9,479.86,483.99,457.5101,2228464,378.6505,309.1128
2024-12-18,149340788.0,460.9427,466.495,440.13,488.5399,427.01,2544060,383.357,313.0254
2024-12-19,118566146.0,438.5229,451.88,436.17,456.36,420.02,1977577,388.064,316.92780000000005
2024-12-20,132216176.0,430.6225,425.505,421.06,447.08,417.64,1816629,392.135,320.5736
2024-12-23,72698055.0,428.875,431.0,430.6,434.51,415.4112,1187250,396.03700000000003,324.82959999999997
2024-12-24,59551750.0,451.6202,435.9,462.28,462.78,435.14,936767,402.2215,329.69199999999995
2024-12-26,76651210.0,457.0321,465.16,454.13,465.3299,451.02,1251616,408.0165,334.3832
2024-12-27,82666821.0,434.9592,449.52,431.66,450.0,426.5,1352471,412.95500000000004,338.5898
2024-12-30,64941012.0,420.6709,419.4,417.41,427.0,415.75,1178088,416.5675,342.5202
2024-12-31,76825121.0,412.925,423.79,403.84,427.93,402.54,1214553,418.90500000000003,346.18300000000005
2025-01-02,109710749.0,382.1548,390.1,379.28,392.7299,373.04,2134259,420.29800000000006,349.3916
2025-01-03,95423329.0,397.1371,381.48,410.44,411.8799,379.45,1446053,422.9235,353.24100000000004
2025-01-06,85516534.0,412.4069,423.2,411.05,426.43,401.7,1538768,425.0015,357.189
2025-01-07,75699525.0,397.8035,405.83,394.36,414.33,390.0,1307364,425.2585,359.86660000000006
2025-01-08,73038805.0,395.2719,392.95,394.94,402.4999,387.4,1053233,425.51599999999996,362.38159999999993
2025-01-10,62287333.0,392.5447,391.4,394.74,399.28,377.29,1013456,425.20349999999996,365.0262
2025-01-13,67580494.0,392.8504,383.21,403.31,403.79,380.07,1091602,424.13050000000004,367.902
2025-01-14,84565022.0,408.3176,414.34,396.36,422.64,394.54,1329525,423.04350000000005,370.6782
2025-01-15,81375460.0,419.1476,409.9,428.22,429.8,405.661,1270362,422.64300000000003,374.2456
2025-01-16,68335151.0,415.0015,423.49,413.82,424.0,409.13,1115835,420.183,377.5424
2025-01-17,94991429.0,430.7975,421.5,426.5,439.74,419.75,1408188,417.515,381.2156
2025-01-21,87320894.0,417.5589,432.64,424.07,433.2,406.31,1525520,416.712,384.6682
2025-01-22,60963342.0,419.6731,416.81,415.11,428.0,414.59,997855,415.659,387.19980000000004
2025-01-23,50690592.0,412.95,416.06,412.38,420.73,408.95,858456,415.225,389.5092000000001
2025-01-24,56427149.0,411.7849,414.45,406.58,418.88,405.78,880013,414.024,391.2164
2025-01-27,58125510.0,397.4668,394.8,397.15,406.69,389.0,1169771,410.76750000000004,392.1594
2025-01-28,48910676.0,393.9256,396.91,398.09,400.59,386.5,832535,407.96549999999996,393.5514
2025-01-29,68033648.0,391.7549,395.21,389.1,398.5899,384.48,1233281,405.8375,394.72860000000003
2025-01-30,98092879.0,399.0416,410.78,400.28,412.5,384.41,1520074,404.981,396.51059999999995
2025-01-31,83568219.0,411.3047,401.53,404.6,419.99,401.34,1221590,405.019,398.1882
2025-02-03,93732122.0,384.0022,386.68,383.68,389.17,374.36,1629636,405.23900000000003,399.08700000000005
2025-02-04,57072235.0,386.9632,382.63,392.21,394.0,381.4,901807,404.3275,400.01120000000003
2025-02-05,57614721.0,381.3656,387.51,378.17,388.39,375.53,992349,402.6835,400.7339999999999
2025-02-06,77918230.0,368.9382,373.03,374.32,375.4,363.18,1355558,401.6815,401.4275999999999
2025-02-07,70298258.0,368.4982,370.19,361.62,380.5459,360.34,1178382,400.01550000000003,401.60880000000003
2025-02-10,77514903.0,356.2737,356.21,350.73,362.7,350.51,1337303,397.81499999999994,401.8516
2025-02-11,118543400.0,335.3726,345.8,328.5,349.37,325.1,1942757,394.0745,401.65700000000004
2025-02-12,105382729.0,338.6112,329.94,336.51,346.4,329.12,1582239,391.082,401.72939999999994
2025-02-13,89441519.0,352.0021,345.0,355.94,358.69,342.85,1349829,387.468,401.945
2025-02-14,68277279.0,353.6308,360.62,355.84,362.0,347.5,1058534,384.56899999999996,401.92
2025-02-18,51631702.0,354.7279,355.01,354.11,359.1,350.02,897273,380.9495,401.9738
2025-02-19,67094374.0,361.7207,354.0,360.56,367.34,353.67,962667,377.774,402.02639999999997
2025-02-20,45965354.0,353.6286,361.51,354.4,362.3,348.0,778485,374.73850000000004,401.7246
2025-02-21,74058648.0,342.2931,353.44,337.8,354.98,334.42,1120548,371.0095,400.69620000000003
2025-02-24,76052321.0,333.6447,338.14,330.53,342.3973,324.7,1245962,367.207,399.51099999999997
2025-02-25,134228777.0,306.318,327.025,302.8,328.89,297.2512,2229729,362.4895,397.5471999999999
2025-02-26,100118276.0,297.0248,303.715,290.8,309.0,288.04,1673163,357.125,394.86780000000005
2025-02-27,101748197.0,287.4381,291.16,281.95,297.23,280.88,1493684,351.76750000000004,392.1448
2025-02-28,115696968.0,287.0447,279.5,292.98,293.88,273.6,1571967,346.40250000000003,389.2798
2025-03-03,115551414.0,292.3594,300.34,284.65,303.94,277.3,1628425,340.40500000000003,385.7124
2025-03-04,126706623.0,271.7502,270.93,272.04,284.35,261.8401,1989579,334.823,381.556
2025-03-05,94042913.0,273.9372,272.92,279.1,279.55,267.71,1289438,329.16749999999996,378.3354
2025-03-06,98451566.0,265.5236,272.06,263.45,272.65,260.02,1504633,323.43149999999997,374.881
2025-03-07,102369640.0,259.925,259.32,262.67,266.2499,250.73,1461875,317.849,371.7132
2025-03-10,189076948.0,232.3474,252.535,222.15,253.37,220.0,2809174,310.8755,367.5442
2025-03-11,174896415.0,229.1895,225.305,230.58,237.0649,217.02,2439849,304.86800000000005,362.91020000000003
2025-03-12,142215681.0,247.082,247.22,248.09,251.84,241.1,1874690,300.8475,358.7894
2025-03-13,114813525.0,239.0435,248.125,240.68,248.29,232.6,1536071,296.056,354.9698
2025-03-14,100242264.0,247.1876,247.31,249.98,251.58,240.73,1280257,290.758,351.62120000000004
2025-03-17,111900565.0,238.3496,245.055,238.01,245.4,232.8,1489431,284.8665,348.3046
2025-03-18,111477636.0,226.1808,228.155,225.31,230.1,222.28,1521430,278.4265,345.22520000000003
2025-03-19,111993753.0,234.4126,231.61,235.86,241.41,229.201,1335701,272.1915,341.7336
2025-03-20,99028270.0,234.324,233.345,236.26,238.0,230.0501,1223405,266.2845,338.2378
2025-03-21,132728684.0,243.5179,234.985,248.71,249.52,234.55,1468859,261.83,335.3248
2025-03-24,169079865.0,271.5313,258.075,278.39,278.64,256.33,2140074,259.223,332.99379999999996
2025-03-25,150361538.0,279.6509,283.6,288.14,288.2,271.28,1953630,258.48999999999995,330.8618
2025-03-26,156254441.0,274.6106,282.66,272.06,284.9,266.51,1896601,257.553,328.2368
2025-03-27,162572146.0,279.7713,272.48,273.13,291.85,271.8216,1941634,257.11199999999997,325.7722
2025-03-28,123809389.0,266.1648,275.575,263.55,276.1,260.57,1578132,255.64050000000003,322.4788
2025-03-31,134008936.0,252.6791,249.31,259.16,260.56,243.3601,1661129,254.36599999999999,319.38559999999995
2025-04-01,146486911.0,269.8664,263.8,268.46,277.45,259.25,1965296,254.18699999999998,316.2248
2025-04-02,212787817.0,273.6951,254.6,282.76,284.99,251.27,2716691,254.37000000000003,313.3986
2025-04-03,136174291.0,268.1317,265.29,267.28,276.3,261.51,1807954,254.56150000000002,310.44199999999995
2025-04-04,181229353.0,244.818,255.38,239.43,261.0,236.0,2734612,253.39950000000005,306.983
2025-04-07,183453776.0,230.0587,223.78,233.29,252.0,214.25,2843798,253.9565,303.5172
2025-04-08,171603472.0,235.3821,245.0,221.86,250.44,217.8,2360238,253.5205,300.0114
2025-04-09,219433373.0,249.2856,224.69,272.2,274.69,223.88,2862627,254.72599999999997,297.4936
2025-04-10,181722604.0,251.3729,260.0,252.4,262.49,239.33,2332728,255.31200000000004,294.7596
2025-04-11,128948085.0,248.6679,251.84,252.31,257.74,241.3629,1584325,255.42849999999999,291.8002
2025-04-14,100135241.0,252.755,258.36,252.35,261.8,245.93,1321953,256.14549999999997,288.75519999999995
2025-04-15,79594318.0,254.0919,249.91,254.11,258.75,247.54,970817,257.5855,286.16380000000004
2025-04-16,112378737.0,243.5748,247.61,241.55,251.97,233.89,1349129,257.87,283.1506
2025-04-17,83404775.0,241.0143,243.47,241.37,244.34,237.6833,910584,258.1255,280.4146
2025-04-21,97768007.0,226.1442,230.26,227.5,232.21,222.79,1388841,257.065,277.4782
2025-04-22,120858452.0,238.1438,230.96,237.97,242.79,229.8501,1540243,255.044,275.0052
2025-04-23,150381903.0,253.1535,254.86,250.74,259.4499,244.43,1936456,253.17399999999998,273.00539999999995
2025-04-24,94464195.0,255.3937,250.5,259.51,259.54,249.2,1203317,252.5465,271.62559999999996
2025-04-25,167560688.0,278.0434,261.69,284.95,286.85,259.63,2065772,253.1375,270.5944
2025-04-28,151731771.0,283.0346,288.98,285.88,294.86,272.42,1914021,254.254,269.1932
2025-04-29,108906553.0,285.3335,285.5,292.03,293.32,279.4695,1298014,255.89749999999998,267.91700000000003
2025-04-30,128961057.0,278.4775,279.9,282.16,284.45,270.78,1589240,256.5825,266.478
2025-05-01,99658974.0,284.3849,280.01,280.52,290.8688,279.81,1267297,256.4705,264.8772
2025-05-02,114454683.0,288.0069,284.9,287.21,294.78,279.81,1395354,257.467,263.53340000000003
2025-05-05,94618882.0,279.3488,284.57,280.26,284.849,274.4,1233954,259.50849999999997,262.38259999999997
2025-05-06,76715792.0,274.5306,273.105,275.35,277.73,271.35,1008547,261.6115,261.279
2025-05-07,71882408.0,274.8067,276.88,276.22,277.92,271.0,953496,264.3295,260.74739999999997
2025-05-08,97539448.0,285.481,279.63,284.82,289.8,279.41,1269219,264.9605,260.62780000000004
2025-05-09,132387835.0,299.4448,290.21,298.26,307.04,290.0,1815734,267.2535,260.95399999999995
2025-05-12,112826661.0,317.6156,321.99,318.38,322.21,311.5,1726223,270.557,261.462
2025-05-13,136992574.0,327.6508,320.0,334.07,337.5894,316.8,1953281,274.643,262.4504
2025-05-14,136997264.0,344.5723,342.5,347.68,350.0,337.0,2035914,279.3215,263.9632
2025-05-15,97882596.0,340.7646,340.34,342.82,346.1393,334.7153,1497945,284.385,265.2376
2025-05-16,95895665.0,347.4305,346.24,349.98,351.62,342.33,1379605,289.81550000000004,266.9682
2025-05-19,88869853.0,339.48,336.3,342.09,343.0,333.37,1323410,295.54499999999996,268.5566
2025-05-20,131715548.0,347.8187,347.87,343.82,354.9899,341.63,1692674,300.8375,270.99
2025-05-21,102354844.0,340.8684,344.43,334.62,347.35,332.2,1385245,305.0315,273.0708
2025-05-22,97113416.0,341.2319,331.9,341.04,347.27,331.39,1293481,309.108,274.9298
2025-05-23,84654818.0,338.5793,337.92,339.34,343.18,333.21,1221900,311.8275,276.903
2025-05-27,120146414.0,357.8833,347.35,362.89,363.79,347.32,1708939,315.678,279.1612
2025-05-28,91404309.0,361.0286,364.84,356.9,365.0,355.91,1308569,318.92150000000004,281.539
2025-05-29,88545666.0,361.4185,365.29,358.43,367.71,356.0,1237482,322.735,284.2014
2025-05-30,123474938.0,352.5461,355.52,346.46,363.68,345.29,1543177,326.032,286.4134
2025-06-02,81873829.0,339.5679,343.5,342.69,348.02,333.33,1275945,328.806,288.54200000000003
2025-06-03,99324544.0,348.4043,346.595,344.27,355.4,343.04,1314170,332.0065,290.4532
2025-06-04,98912075.0,333.8892,345.095,332.05,345.6,327.3308,1543538,334.8415,291.52639999999997
2025-06-05,292818655.0,298.7481,322.49,284.7,324.5499,273.21,4540980,335.2655,291.4576
2025-06-06,164747685.0,298.5058,298.83,295.14,305.5,291.14,2633849,335.7815,291.9192
2025-06-09,140908876.0,297.906,285.955,308.58,309.83,281.85,2186548,336.2975,292.6282
2025-06-10,151256520.0,319.3708,314.94,326.09,327.83,310.667,1909827,336.683,293.879
2025-06-11,122611360.0,329.6439,334.395,326.43,335.5,322.5,1695777,336.301,295.2244
2025-06-12,105127536.0,323.9787,323.075,319.11,332.56,316.86,1355009,334.8725,296.2374
2025-06-13,128964279.0,323.61,313.97,325.31,332.99,313.3,1641539,333.99699999999996,297.0884
2025-06-16,83925858.0,329.4418,331.29,329.13,332.05,326.41,1124313,332.95449999999994,298.3254
2025-06-17,88282669.0,319.8117,326.09,316.35,327.26,314.74,1298505,331.6675,299.8638
2025-06-18,95137686.0,323.2115,317.31,322.05,329.32,315.45,1183020,330.579,301.63899999999995
2025-06-20,108688008.0,322.9907,327.95,322.16,332.36,317.78,1326276,329.956,303.645
2025-06-23,190716815.0,347.8495,327.54,348.68,357.54,327.48,2774862,330.338,305.1746
2025-06-24,114736245.0,344.6289,356.17,340.47,356.26,340.44,1710731,330.3945,306.93600000000004
2025-06-25,119845050.0,327.5244,342.7,327.55,343.0,320.4,1869762,328.6275,308.44079999999997
2025-06-26,80440907.0,327.383,324.61,325.78,331.05,323.61,1163816,327.07149999999996,309.9094
2025-06-27,89067049.0,323.6932,324.51,323.63,329.3393,317.495,1196427,325.3315,311.2998
2025-06-30,76695081.0,319.5323,319.9,317.66,325.5799,316.6,1209126,323.8915,312.822
2025-07-01,145085665.0,300.8563,298.46,300.71,305.89,293.21,2355569,321.79249999999996,314.0088
2025-07-02,119483730.0,312.6281,312.63,315.65,316.832,303.82,1697962,320.36150000000004,315.7718
2025-07-03,58042302.0,316.0922,317.99,315.35,318.45,312.76,839228,319.5265,317.31940000000003
2025-07-07,131177949.0,292.8946,291.37,293.94,296.15,288.7701,2299838,319.98850000000004,318.1834
2025-07-08,103246742.0,299.6805,297.0,297.81,304.0499,294.35,1414013,320.12199999999996,318.9494
2025-07-09,75586771.0,296.3033,297.55,295.88,300.15,293.55,1074609,319.48699999999997,319.168
2025-07-10,104365271.0,305.8853,300.05,309.87,310.48,300.0,1434242,318.676,319.6478
2025-07-11,79236442.0,310.4271,307.89,313.51,314.09,305.65,1044742,318.03000000000003,320.0774
2025-07-14,78043430.0,315.8863,317.73,316.9,322.5986,312.67,1125530,317.91949999999997,320.7722
2025-07-15,77556346.0,314.6666,319.675,310.78,321.2,310.5,1102104,317.19300000000004,321.37739999999997
2025-07-16,97284786.0,319.0476,312.8,321.67,323.5,312.62,1362478,316.82000000000005,322.0666
2025-07-17,73922870.0,320.8856,323.15,319.41,324.34,317.0601,1037668,316.973,322.8496
2025-07-18,94254993.0,327.6561,321.66,329.65,330.9,321.42,1230251,317.35299999999995,323.9356
2025-07-21,75768797.0,330.0276,334.4,328.49,338.0,326.88,1057852,317.66949999999997,324.981
2025-07-22,77370371.0,330.4845,329.74,332.11,335.4098,321.55,1070115,316.841,325.92679999999996
2025-07-23,92553756.0,331.4034,330.9,332.56,336.2,328.67,1324354,316.4455,326.61280000000005
2025-07-24,156966023.0,304.6998,310.0,305.3,310.15,300.41,2497470,315.33299999999997,326.3512
2025-07-25,148227027.0,316.1129,308.74,316.06,323.63,308.01,1813426,314.84700000000004,325.991
2025-07-28,112673755.0,325.475,318.45,325.59,330.49,315.69,1428358,314.94500000000005,325.5492
2025-07-29,87358861.0,321.2839,325.55,321.2,326.25,318.25,1082330,315.122,325.1168
2025-07-30,83931942.0,318.412,322.18,319.04,324.4499,311.6164,1088685,316.0385,324.498
2025-07-31,85270919.0,312.5244,319.605,308.27,321.37,306.1,1254904,315.66949999999997,323.8216
2025-08-01,89121446.0,303.879,306.205,302.63,309.31,297.82,1324801,315.0335,322.99780000000004
2025-08-04,78683905.0,308.177,309.08,309.26,312.1186,303.0001,1122414,315.79949999999997,322.4906
2025-08-05,57961278.0,308.5326,308.95,308.72,312.4499,305.5,791172,316.345,321.8442
2025-08-06,78523579.0,317.2071,307.89,319.91,320.47,306.9345,1049304,317.54650000000004,321.4556
2025-08-07,66658672.0,319.5286,319.79,322.27,322.4,316.16,874806,318.1665,320.6432
2025-08-08,91200319.0,330.3069,321.43,329.65,335.15,320.98,1242272,318.9735,320.0982
2025-08-11,105320174.0,341.8705,335.0,339.03,346.64,334.15,1527158,320.08,319.7102
2025-08-12,80690111.0,338.5457,345.0,340.84,345.26,332.94,1143695,321.58299999999997,319.5978
2025-08-13,67838892.0,342.4665,341.5,339.38,348.98,338.2,982610,322.4685,319.5316
2025-08-14,75000662.0,334.7236,335.76,335.58,340.4699,330.4,1050399,323.277,319.3578
2025-08-15,74319792.0,331.3808,337.655,330.56,339.3,327.02,930591,323.3225,319.328
2025-08-18,56956552.0,333.6406,329.62,335.16,336.27,329.59,778455,323.656,320.3372
2025-08-19,75956002.0,332.9892,335.79,329.31,340.55,327.85,1023971,323.51599999999996,321.0206
2025-08-20,77481768.0,321.4163,329.22,323.9,331.37,314.6,1123164,323.08299999999997,321.327
2025-08-21,55744445.0,321.6611,322.08,320.11,324.9,318.68,735268,323.8235,321.2074
2025-08-22,94016347.0,335.1247,321.66,340.01,340.25,319.69,1266653,325.021,321.479
2025-08-25,86670037.0,344.1698,338.9,346.6,349.53,335.03,1228584,326.07149999999996,322.0288
2025-08-26,76651550.0,347.6755,344.93,351.67,351.9,343.72,996119,327.59499999999997,322.556
2025-08-27,65519012.0,351.4029,351.94,349.6,355.39,349.156,954967,329.123,322.9654
2025-08-28,67903224.0,345.804,350.91,345.98,353.55,340.26,914056,331.0085,323.558
2025-08-29,81145660.0,337.0308,347.23,333.87,348.7499,331.7,1143569,332.5705,323.7944
2025-09-02,58391952.0,329.6721,328.23,329.36,333.33,325.6,918177,333.57550000000003,323.9384
2025-09-03,88733288.0,337.1171,335.2,334.09,343.33,328.51,1299631,334.844,323.6466
2025-09-04,60711033.0,335.2549,336.15,338.53,338.89,331.48,778497,335.775,323.6078
2025-09-05,108989785.0,349.7415,348.0,350.84,355.87,344.6801,1435682,337.2035,324.0736
2025-09-08,75208290.0,349.4639,354.64,346.4,358.44,344.84,1108086,338.041,324.486
2025-09-09,53815991.0,347.1119,348.44,346.97,350.77,343.82,754844,338.438,324.95279999999997
2025-09-10,72121679.0,351.5857,350.55,347.79,356.33,346.07,1031117,338.7855,325.5554
2025-09-11,103756010.0,361.3377,350.17,368.81,368.99,347.6,1497225,340.25699999999995,326.9174
2025-09-12,168156391.0,389.5079,370.94,395.94,396.6899,370.24,2297046,343.275,328.5232
2025-09-15,163823667.0,416.4816,423.13,410.04,425.7,402.43,2700428,347.249,330.417
2025-09-16,104285721.0,418.5472,414.495,421.62,423.25,411.43,1559330,351.572,332.97060000000005
2025-09-17,106133532.0,418.9139,415.75,425.86,428.3121,409.67,1583834,356.3995,335.53159999999997
2025-09-18,90454509.0,424.741,428.865,416.85,432.2199,416.56,1366928,361.047,337.95099999999996
2025-09-19,93131034.0,424.9175,421.82,426.07,429.47,421.72,1104123,366.34499999999997,340.275
2025-09-22,97108777.0,437.2379,431.11,434.21,444.98,429.13,1606043,371.05499999999995,342.689
2025-09-23,83422691.0,431.5138,439.88,425.85,440.97,423.72,1287529,375.01750000000004,344.86799999999994
2025-09-24,93133570.0,438.6506,429.83,442.79,444.21,429.0301,1339490,379.5735,347.5082
2025-09-25,96746426.0,427.0891,435.24,423.39,435.35,419.08,1627174,383.26300000000003,349.54259999999994
2025-09-26,101628160.0,432.1549,428.3,440.4,440.47,421.02,1474293,387.98400000000004,351.9624
2025-09-29,79491510.0,443.5808,444.35,443.21,450.98,439.5,1352449,393.451,354.2336
2025-09-30,74357960.0,439.7741,441.52,444.72,445.0,433.12,1185786,399.219,356.5582
2025-10-01,98122285.0,455.0575,443.8,459.46,462.29,440.75,1781994,405.4875,359.10519999999997
2025-10-02,137008950.0,450.1463,470.54,436.0,470.75,435.57,2669454,410.361,361.17400000000004
2025-10-03,133188180.0,428.7127,443.285,429.83,446.77,416.575,2485070,414.31049999999993,363.6646
2025-10-06,85324878.0,446.7922,440.75,453.25,453.55,436.69,1750864,419.65299999999996,366.40840000000003
2025-10-07,102296082.0,442.7413,447.82,433.09,452.68,432.4501,1910064,423.959,368.55840000000006
2025-10-08,71192128.0,434.7326,437.57,438.69,441.33,425.23,1225772,428.504,370.9082
2025-10-09,69339928.0,431.5147,431.81,435.54,436.35,426.18,1405569,431.8405000000001,373.2382
2025-10-10,112107870.0,423.3525,436.54,413.49,443.13,411.45,2401435,432.718,375.34259999999995
2025-10-13,79552785.0,428.7813,423.53,435.9,436.89,419.7,1621057,434.0110000000001,378.00800000000004
2025-10-14,72669438.0,426.9515,426.79,429.24,434.2,417.86,1420223,434.392,380.40759999999995
2025-10-15,71558185.0,434.2525,434.9,435.15,440.51,426.3301,1363118,434.8565,382.93620000000004
2025-10-16,77189889.0,431.0093,434.73,428.75,439.35,421.3101,1427110,435.45149999999995,385.11300000000006
2025-10-17,89331578.0,435.6068,425.5,439.31,441.4558,423.6,1598642,436.11349999999993,387.45380000000006
2025-10-20,63718971.0,445.1346,443.865,447.43,449.8,440.61,1363387,436.7745,389.80940000000004
2025-10-21,54412169.0,445.4978,445.755,442.6,449.3,442.05,1166232,437.61199999999997,391.8808
2025-10-22,84023458.0,435.1693,443.45,438.97,445.539,429.0,1707313,437.421,393.84340000000003
2025-10-23,126709833.0,435.0319,420.0,448.98,449.3999,413.9,2331202,438.70050000000003,396.0354
2025-10-24,94727774.0,437.926,446.83,433.72,451.68,430.17,1832985,438.3665,397.99820000000005
2025-10-27,105867547.0,451.9132,439.98,452.42,460.16,438.69,2080786,438.82700000000006,400.4354
2025-10-28,80185667.0,461.4465,454.775,460.55,467.0,451.6,1615466,439.6184999999999,402.9432
2025-10-29,67983544.0,460.3172,462.5,461.51,465.7,452.65,1415325,439.721,405.5872
2025-10-30,72447938.0,445.0528,451.05,440.1,455.0607,439.61,1551349,439.92600000000004,407.9112
2025-10-31,83135787.0,452.1028,446.75,456.56,458.0,443.6855,1499835,441.2625,410.64020000000005
2025-11-03,84595244.0,467.8441,455.99,468.37,474.07,453.8,1844855,442.0185,413.2074
2025-11-04,87756644.0,450.6072,454.46,444.26,460.22,443.6,1924961,442.57700000000006,415.1606
2025-11-05,85573015.0,454.4559,452.05,462.07,466.3299,440.71,1712752,443.746,417.3686
2025-11-06,109622907.0,448.8559,461.96,445.91,467.45,435.09,2216445,444.26450000000006,419.2948
2025-11-07,103471495.0,430.6795,437.92,429.52,439.36,421.88,2210359,445.066,420.9656
2025-11-10,76515907.0,443.9141,439.6,445.23,449.6715,433.36,1670439,445.53249999999997,423.19280000000003
2025-11-11,60533237.0,436.7093,439.4,439.62,442.49,432.36,1330538,446.05150000000003,425.398
2025-11-12,58513520.0,431.9081,442.15,430.6,442.329,426.56,1352685,445.82399999999996,427.3282
2025-11-13,118948032.0,405.8487,423.13,401.99,424.5,396.34,2648285,444.48600000000005,428.59740000000005
2025-11-14,105506682.0,401.0768,386.3,404.35,412.19,382.78,2205129,442.738,429.6676
2025-11-17,102214259.0,412.4672,398.74,408.92,423.96,398.74,1988851,440.8125,430.918
2025-11-18,80688637.0,402.1238,405.38,401.25,408.9,393.71,1642729,438.745,432.0036
2025-11-19,72047704.0,404.9251,406.18,403.99,411.78,398.5,1469360,436.9960000000001,433.12760000000003
2025-11-20,113548827.0,410.7393,414.63,395.23,428.94,394.74,2236418,434.3085,433.656
2025-11-21,100460633.0,395.2371,402.32,391.09,402.8,383.76,2028761,432.177,433.559
2025-11-24,96806374.0,415.7538,402.17,417.78,421.72,401.09,1944880,430.445,433.71380000000005
2025-11-25,71915624.0,414.4225,414.42,419.4,420.48,405.95,1466461,428.3875,433.66939999999994
2025-11-26,63462996.0,422.2254,423.95,426.58,426.94,416.89,1317774,426.64099999999996,433.6838
2025-11-28,36252861.0,429.486,426.59,430.17,432.93,426.2,901789,426.1445,433.9502
2025-12-01,57463552.0,428.5329,425.32,430.14,433.6599,425.29,1292787,424.82349999999997,434.03159999999997
2025-12-02,69336626.0,428.593,430.81,429.24,436.8,422.12,1439276,422.867,433.9322
2025-12-03,87482964.0,441.9881,432.1,446.74,447.92,431.11,1815303,422.991,434.3500000000001
2025-12-04,71906488.0,450.2727,449.94,454.53,454.63,445.39,1558865,422.61400000000003,434.58480000000003
2025-12-05,56427522.0,455.1131,453.03,455.0,458.87,451.66,1314577,423.06850000000003,435.21700000000004
2025-12-08,69165753.0,440.7275,447.445,439.58,449.7463,435.25,1601549,423.5715,435.20059999999995
2025-12-09,62367442.0,446.3629,437.54,445.17,452.39,435.7,1400515,423.56850000000003,435.23980000000006
2025-12-10,63257475.0,448.8728,446.065,451.45,456.88,443.61,1354920,424.16,435.37440000000004
2025-12-11,55979492.0,444.9518,448.945,446.89,449.2699,440.33,1241523,424.9745,435.12300000000005
2025-12-12,95656749.0,453.1542,448.09,458.96,463.01,441.67,1824900,427.82300000000004,435.5822
2025-12-15,114542204.0,476.4478,469.44,475.31,481.7694,467.66,2322280,431.371,436.4918
2025-12-16,107608075.0,480.0698,472.21,489.88,491.5,465.83,2100489,435.419,437.22439999999995
2025-12-17,106490405.0,478.3046,488.22,467.26,495.2799,466.2,2040998,438.7195,437.9078
2025-12-18,95168446.0,484.5635,478.16,483.37,490.86,473.12,1853044,442.68850000000003,438.8014
2025-12-19,103305424.0,481.6191,488.12,481.2,490.49,474.72,1594267,446.98699999999997,439.7146
2025-12-22,86916066.0,491.905,489.88,488.73,498.83,485.33,1771723,451.869,441.2194
2025-12-23,58223633.0,486.4187,489.395,485.56,491.97,482.84,1268301,455.258,442.2126
2025-12-24,41285429.0,481.7423,488.48,485.4,490.9,476.8,964908,458.558,443.3358
2025-12-26,58780659.0,479.1282,485.23,475.19,489.09,473.82,1309474,460.98850000000004,444.13660000000004
2025-12-29,66263033.0,464.2075,469.0,459.64,469.4,459.0,1582555,462.462,444.75440000000003
2025-12-30,59238464.0,458.7662,461.09,454.43,463.12,453.83,1290659,463.67650000000003,445.0568
2025-12-31,49077961.0,453.0505,456.1,449.72,456.55,449.3,1115796,464.70050000000003,445.10259999999994
2026-01-02,85535406.0,444.0931,457.8,438.07,458.34,435.3,1865242,464.26699999999994,445.01199999999994
2026-01-05,67940839.0,453.5293,447.99,451.67,457.5499,444.57,1508072,464.12399999999997,445.26599999999996
2026-01-06,89093758.0,434.3439,446.38,432.96,448.25,428.78,2108811,463.02200000000005,444.94559999999996
2026-01-07,59828790.0,435.179,435.9,431.41,438.37,431.29,1350592,462.61350000000004,444.89939999999996
2026-01-08,57041094.0,433.0954,427.89,435.8,436.89,424.365,1269323,462.145,444.56699999999995
2026-01-09,67331456.0,442.5651,435.945,445.01,449.05,430.39,1390725,461.823,444.25620000000004
2026-01-12,61649627.0,448.9592,441.225,448.96,454.3,438.0,1343515,461.92650000000003,444.00519999999995
2026-01-13,53719214.0,448.2057,450.2,447.2,451.81,443.95,1172894,461.33849999999995,444.1472
2026-01-14,57259500.0,438.0525,442.81,439.2,443.91,434.22,1326815,459.533,443.8
2026-01-15,49465813.0,441.7477,441.125,438.57,445.36,437.65,1118542,456.96750000000003,443.204
2026-01-16,60220551.0,439.7614,439.5,437.5,447.25,435.2601,1220834,455.47950000000003,443.06880000000007
2026-01-20,63187336.0,423.4847,429.36,419.25,430.725,417.44,1692153,452.27349999999996,442.21240000000006
2026-01-21,68123987.0,428.0496,421.66,431.44,438.2,419.6201,1464620,449.78550000000007,441.92299999999994
2026-01-22,71546729.0,442.5163,435.16,449.36,449.5,432.6293,1457998,447.8169999999999,442.31980000000004
2026-01-23,56771364.0,448.092,447.425,449.06,452.43,444.04,1274327,445.992,442.39639999999997
2026-01-26,49397415.0,438.1573,445.0,435.2,445.04,434.28,1265554,443.48199999999997,442.30799999999994
2026-01-27,37733077.0,433.4376,437.41,430.9,437.52,430.69,1052504,441.2674999999999,442.314
2026-01-28,54857403.0,435.3298,431.91,431.46,438.26,430.1,1328594,439.8585,442.9034
2026-01-29,81686127.0,422.7058,437.8,416.56,440.2299,414.62,2022198,437.965,443.1476
2026-01-30,82626066.0,432.9912,425.35,430.41,439.88,422.7,1774732,436.9995,443.57739999999995
2026-02-02,58739455.0,421.5329,421.29,421.81,427.15,414.5,1504313,436.1865000000001,443.9886
2026-02-03,56886549.0,421.2622,424.27,421.96,428.56,413.6901,1395372,434.701,444.348
2026-02-04,74606873.0,409.1972,420.46,406.01,423.9,399.18,1796063,433.3535,444.5636
2026-02-05,72819838.0,395.416,397.015,397.21,402.1,387.5309,1805991,431.64349999999996,444.686
2026-02-06,62677144.0,410.1042,400.87,411.11,414.55,397.751,1472141,430.409,444.5525999999999
2026-02-09,54484258.0,416.7392,409.905,417.32,421.25,407.29,1305796,429.0245,444.51099999999997
2026-02-10,64450233.0,424.1178,418.08,425.21,427.25,417.0,1273029,427.837,444.4836
2026-02-11,57361989.0,426.6847,427.955,428.27,436.35,420.03,1272878,426.8905,444.44559999999996
2026-02-12,61933359.0,421.631,430.3,417.07,436.23,414.0,1377851,425.784,444.18420000000003
2026-02-13,51434147.0,417.6516,414.305,417.44,424.06,410.88,1155018,424.72749999999996,443.9482
2026-02-17,59678789.0,407.7059,412.36,410.63,413.72,400.51,1377350,423.384,443.226
2026-02-18,45921402.0,413.1372,411.11,411.32,416.9,409.58,1047561,422.9875,442.3618
2026-02-19,51019638.0,410.5113,407.25,411.71,415.2499,404.11,1074471,422.0009999999999,441.496
2026-02-20,57912225.0,410.451,408.3,411.82,414.7,405.5,1188978,420.12399999999997,440.9408
2026-02-23,69680026.551352,398.9786,407.285,399.83,407.7,394.04,1671357,417.6625,440.034
2026-02-24,58579482.300283,405.9258,399.5,409.38,410.82,397.64,1296615,416.3715,439.19259999999997
2026-02-25,54809704.567413,415.8123,412.15,417.4,420.34,412.15,1283080,415.6965,438.6028
2026-02-26,53602497.658486,408.4161,414.42,408.58,416.81,403.66,1231898,414.55249999999995,437.5952
2026-02-27,56890097.395043,402.0339,402.94,402.51,407.12,398.11,1268131,413.85,436.13919999999996
2026-03-02,55088338.647,399.8867,390.6,403.32,404.54,388.25,1400986,412.4955,434.408
2026-03-03,62617298.388918,391.4904,395.09,392.43,396.34,385.39,1499069,411.02650000000006,432.9114
2026-03-04,68305513.675211,404.0545,397.845,405.94,408.33,394.58,1550949,410.2255,431.3628
2026-03-05,51925898.728132,403.9214,401.57,405.55,408.62,399.42,1224925,410.2025,429.84979999999996
2026-03-06,64054561.415796,398.1612,398.09,396.73,402.35,394.21,1501173,410.1785,428.00980000000004
2026-03-09,67018911.164696,390.3723,390.05,398.68,401.59,381.4,1748334,409.557,426.27219999999994
2026-03-10,59258743.234972,402.2651,402.22,399.235,406.59,398.19,1401301,408.65274999999997,424.5489
2026-03-11,62559930.012315,408.6459,402.28,407.82,416.3799,402.15,1475923,407.78324999999995,423.20149999999995
2026-03-12,60973793.007487,398.6823,405.175,395.01,406.5,394.65,1400370,406.12025,421.9089
2026-03-13,58504091.079359,394.3388,399.165,391.2,400.2,389.95,1342867,404.82675,420.6443
2026-03-16,58068343.773044,398.4745,396.22,395.56,403.73,394.42,1371445,403.73275,419.5611
2026-03-17,46890467.765363,397.7138,395.69,399.27,400.12,393.0,1139710,403.16474999999997,418.7851
2026-03-18,50853149.549047,397.5657,399.0,392.78,403.065,392.31,1224075,402.23775,417.60729999999995
2026-03-19,67078259.677421,382.083,387.27,380.3,387.27,378.73,1783761,400.66724999999997,416.55410000000006
2026-03-20,78628603.540521,371.6656,379.85,367.96,379.89,364.4601,1816539,398.47425,415.2851
2026-03-23,74606049.402352,379.823,373.09,380.85,385.33,372.73,1891259,397.52525,414.1861
2026-03-24,60004909.179454,383.5404,376.56,383.03,387.48,376.31,1455657,396.20775,412.9465
2026-03-25,55157265.665586,390.033,389.99,385.95,396.23,385.01,1375000,394.63525,411.68629999999996
2026-03-26,55522879.695782,377.6786,381.6,372.11,384.44,371.87,1397454,392.81174999999996,410.18449999999996
2026-03-27,62065659.303542,363.4326,369.69,361.83,369.86,359.47,1607373,390.77775,408.6371
2026-03-30,67954405.713583,359.1831,365.86,355.28,367.29,352.14,1577544,388.37575,406.9713
2026-03-31,75534934.651746,368.0508,361.51,371.75,373.33,361.0,1545023,387.34175,405.6563
2026-04-01,58683752.886704,379.482,378.63,381.26,383.14,374.08,1325870,386.10775,404.89649999999995
2026-04-02,83031226.482779,363.8156,364.195,360.59,370.28,359.03,1717489,383.85974999999996,403.4795
2026-04-06,77697643.345189,354.1058,362.59,352.82,367.72,346.64,1812061,381.66425,401.54870000000005
2026-04-07,74515355.668275,343.0698,346.44,346.65,348.02,337.24,1745149,379.06274999999994,399.50049999999993
2026-04-08,78838616.838589,348.269,363.79,343.25,364.5,339.67,1780514,376.26349999999996,397.6615
2026-04-09,62164016.793273,343.8535,343.15,345.62,348.88,337.25,1410830,373.1535,395.9559
2026-04-10,51336034.768093,346.2811,346.285,348.95,350.36,342.74,1211064,370.8505,394.3057
2026-04-13,53617477.746655,351.9214,350.065,352.42,356.35,348.57,1276254,368.91150000000005,393.0229
2026-04-14,59979607.306129,363.0164,357.67,364.2,367.63,354.77,1345964,367.3435,391.6987
2026-04-15,113810355.988633,385.4044,366.83,391.95,394.65,362.5,2166004,366.9775,391.10149999999993
2026-04-16,63515136.042965,387.7136,393.81,388.9,394.06,381.8,1415851,366.78349999999995,390.4403
2026-04-17,90640032.159066,401.524,395.92,400.62,409.28,391.65,1781931,367.79949999999997,390.3325
2026-04-20,64603868.624375,393.8655,402.58,392.5,406.8,388.33,1243318,369.02650000000006,390.23830000000004
2026-04-21,50530611.553881,389.6874,393.0,386.42,393.95,385.2201,1177814,369.305,389.7445
2026-04-22,62362785.897682,390.6377,387.57,387.51,393.01,385.3,1451541,369.529,389.1483
2026-04-23,93969510.210123,375.3148,375.28,373.72,386.0,368.39,1985094,368.91749999999996,388.1185
2026-04-24,62893307.279999,376.0584,373.5,376.3,382.76,370.73,1405100,369.127,387.0791
2026-04-27,66735816.967611,372.3703,372.09,378.67,380.78,364.02,1282993,369.969,386.31109999999995
2026-04-28,50864357.198579,376.8375,374.675,376.02,382.29,372.54,1156134,371.006,385.48269999999997
2026-04-29,45384836.030215,372.8634,375.4,372.8,376.4,370.04,1087842,371.0585,384.72610000000003
2026-04-30,51076041.033613,377.4303,372.75,381.63,384.75,368.17,1218138,371.077,384.1323
2026-05-01,65338257.132749,391.1556,382.485,390.82,397.8211,378.8,1464581,372.58849999999995,383.7145
2026-05-04,48765143.66069,390.8727,390.23,392.51,394.64,384.8004,1258073,374.573,383.3283
2026-05-05,47780631.834222,394.1022,395.185,389.37,402.12,389.0,1202305,376.709,383.11909999999995
2026-05-06,53465365.857758,395.7686,386.25,398.73,401.68,384.02,1274204,379.48300000000006,382.9061
2026-05-07,64294224.963981,409.402,407.48,411.79,415.83,402.12,1528237,382.7915,382.7939
2026-05-08,65049970.054879,426.168,416.475,428.35,431.2,416.39,1620691,386.76149999999996,383.1893
2026-05-11,78376127.437281,435.7793,422.16,445.0,449.16,416.8,1851354,391.3905,384.03909999999996
2026-05-12,60569303.324017,432.8401,441.41,433.45,447.8,422.26,1525533,394.85299999999995,384.64169999999996
2026-05-13,68283229.505879,445.4215,436.665,445.27,453.4,430.21,1612895,397.519,385.69849999999997
2026-05-14,46070361.899902,445.6467,446.49,443.3,451.98,441.16,1192862,400.23900000000003,386.4457
2026-05-15,52688742.592793,426.1761,433.98,422.24,434.66,422.0,1371450,401.32,386.77950000000004
2026-05-18,52474188.590074,411.569,419.27,409.99,421.13,405.33,1378691,402.19449999999995,387.0446999999999
2026-05-19,46500551.989444,400.6522,403.16,404.11,405.63,393.63,1226880,403.079,387.1533
2026-05-20,45294745.511054,412.7522,407.6,417.26,417.46,406.39,1120708,404.5665,387.51380000000006
2026-05-21,42636854.537099,419.0802,422.175,417.85,426.95,412.9,1118446,406.773,387.7144
2026-05-22,46104710.316776,426.8038,422.665,426.01,431.51,420.51,1165512,409.2585,388.33439999999996
2026-05-26,45658897.649586,431.452,430.26,433.59,435.2,426.12,1217088,412.0045,389.18219999999997
2026-05-27,44656505.249995,440.7597,442.89,440.36,445.6,435.52,1189173,415.2215,390.0782
2026-05-28,32434996.297889,440.7259,437.615,442.1,443.96,436.3,927571,418.68649999999997,390.93480000000005
2026-05-29,45176821.287743,435.4656,439.845,435.79,441.07,428.14,1104247,421.3945,391.795
2026-06-01,44937852.188271,420.4892,427.49,415.88,429.6,415.43,1319212,422.64750000000004,392.50659999999993
2026-06-02,37596045.089725,420.7159,418.22,423.74,424.42,413.65,991107,424.209,393.6222
2026-06-03,44500733.868013,424.8974,418.7,423.7,433.6,416.0,1132499,425.9255,394.4792
2026-06-04,35323259.965046,420.1269,419.84,418.45,426.3499,417.16,944845,426.9115,395.1876
2026-06-05,63420177.517856,399.78,420.5,391.0,424.6799,388.59,1660738,425.872,395.28860000000003
2026-06-08,50328834.845172,405.5317,396.33,408.95,412.94,394.72,1308530,424.90200000000004,396.0254
2026-06-09,59940230.136926,398.5749,411.03,396.68,418.5,384.24,1442974,422.48600000000005,396.7224
2026-06-10,49695583.681231,385.9955,391.54,381.59,397.09,380.15,1313503,419.8929999999999,397.2486
2026-06-11,45324348.694448,390.6254,388.28,399.15,399.54,380.66,1131218,417.587,397.7966
2026-06-12,63652286.381843,398.9929,399.49,406.43,406.68,386.76,1494117,415.7434999999999,398.3
2026-06-15,45620514.458496,410.5464,412.37,411.15,416.0,407.1,1153601,415.189,399.31120000000004
2026-06-16,40255473.515536,405.8042,404.11,404.66,412.42,400.54,1026558,414.9225,400.34799999999996
2026-06-17,43534299.607473,400.0177,401.53,396.38,405.94,393.76,1070204,414.53599999999994,401.3426
2026-06-18,58384713.893496,394.4446,398.095,400.49,402.52,384.7,1200115,413.69750000000005,402.4874
2026-06-22,47819486.192473,406.6046,394.85,405.05,414.75,394.4,1219260,413.0575,403.67600000000004
2026-06-23,50420210.565103,384.5889,392.61,381.61,392.87,379.06,1277588,410.8375,404.32919999999996
2026-06-24,37081421.841695,378.4691,380.08,375.53,384.58,373.05,1003823,407.93449999999996,404.7914
2026-06-25,30259987.889709,374.7682,375.27,375.12,379.117,371.221,892018,404.6725,405.00980000000004
2026-06-26,53434138.730352,380.333,370.15,379.71,387.8,368.6,1066922,401.553,404.765
2026-06-29,57645798.933316,402.5868,381.79,411.84,413.27,379.3,1385306,400.3555,405.2238
2026-06-30,43385619.4722,417.2136,406.0,420.6,424.54,406.0,1121988,400.5915,405.62340000000006
2026-07-01,40127902.418075,426.0776,421.46,425.3,432.8599,418.0901,1110157,400.66949999999997,406.2794
2026-07-02,73915762.822674,400.2444,428.01,393.45,432.35,389.3011,1659255,399.15700000000004,406.42
2026-07-06,54727861.236334,412.1291,397.5,419.77,420.0,390.5,1308104,399.223,407.06520000000006
2026-07-07,38149901.754143,407.7778,416.96,402.9,419.56,401.88,951677,399.818,407.6488
2026-07-08,33844906.507126,394.0904,399.375,394.06,399.63,390.51,972148,399.0735,408.004
2026-07-09,37834988.627431,401.1519,393.99,406.55,407.86,390.8631,894520,399.567,408.56160000000006
2026-07-10,33409995.673778,409.0685,410.49,407.76,413.16,402.8101,878926,400.8755,409.1964
2026-07-13,32809171.49162,395.2005,404.61,394.76,405.57,391.37,964855,400.656,409.63559999999995
2026-07-14,23384992.69276,397.2873,399.05,396.18,402.22,394.76,705063,400.1435,409.9266
2026-07-15,31549805.814525,396.8907,399.395,394.46,406.5895,390.66,849540,399.309,409.99940000000004
2026-07-16,29269113.231147,390.4512,392.35,391.06,395.31,385.32,847229,398.629,409.9704
2026-07-17,31394594.260871,381.5275,381.78,380.84,385.6899,377.22,910462,397.852,409.7998
2026-07-20,33901516.434642,373.9477,386.045,369.57,386.61,369.425,1038269,396.306,409.2166
2026-07-21,32735334.210632,379.0188,371.165,378.93,384.07,369.98,836061,395.0,408.55940000000004
2026-07-22,30646124.554028,373.4298,375.53,374.01,380.17,372.9,936777,394.62,407.4726
2026-07-23,115606413.832532,325.3013,341.0,319.69,342.11,315.735,2908050,391.828,404.9664
2026-07-24,62760007.674769,312.1597,320.72,313.03,322.96,306.51,1659149,388.7235,402.55800000000005
2026-07-27,44919377.177309,309.1084,313.24,309.22,317.0,304.28,1222946,385.19899999999996,399.837
2026-07-28,39802421.34114,305.7291,305.925,307.44,311.16,300.69,1055973,379.979,397.11980000000005
2026-07-29,39478039.703458,302.1216,307.14,298.32,309.06,297.38,1074075,373.86499999999995,394.6414
2026-07-30,38005390.462752,306.8943,302.7,308.85,310.87,301.33,983280,368.0425,392.6186
2026-07-31,36630560.138209,308.9796,309.69,311.21,315.5,301.97,977293,363.9305,390.76059999999995
2026-08-03,38281362.065764,320.7041,310.96,322.08,324.65,310.425,1030390,359.046,388.85699999999997
2026-08-04,33318303.171198,325.6337,324.0,327.35,329.57,320.7901,941477,355.2685,387.04699999999997
2026-08-05,27820813.411849,322.9654,323.42,321.55,327.14,320.28,837038,351.643,384.9578000000001
2026-08-06,26033776.097016,319.5303,317.05,319.53,323.0,315.5205,811025,347.29200000000003,382.6766
2026-08-07,39492345.307956,328.0966,322.34,328.58,333.73,321.2508,1003819,343.33299999999997,380.441
2026-08-10,25003808.032305,329.7429,326.595,330.88,332.05,326.15,830418,340.139,378.21659999999997
2026-08-11,23345233.365002,332.9388,332.8,332.81,336.2,329.53,748475,336.9705,376.15700000000004
2026-08-12,28698879.826153,327.0869,335.0,327.51,335.5,323.64,899851,333.623,374.3896
2026-08-13,34708303.392074,335.8474,327.2,339.96,341.64,325.24,906572,331.068,372.71399999999994
2026-08-14,45437144.656831,342.7809,342.33,342.27,351.26,335.3306,1101098,329.1395,371.0854
2026-08-17,26037093.020475,340.1402,340.69,339.3,345.45,337.48,794705,327.626,369.5024000000001
2026-08-18,27994466.73717,336.948,333.22,336.87,340.53,331.12,790826,325.523,368.4198
2026-08-19,36735428.659301,345.9361,338.89,351.12,351.62,335.7,925112,324.3785,367.2632
2026-08-20,30766360.741931,343.6429,346.2,345.13,347.5,338.96,801888,325.65049999999997,366.23220000000003
2026-08-21,59223958.00247,360.4494,349.88,362.86,366.5,346.9,1265658,328.142,365.85760000000005
2026-08-24,39190484.15149,353.6794,361.41,348.95,363.24,348.26,1187568,330.12850000000003,364.8535999999999
2026-08-25,29816685.675629,352.3133,349.58,350.25,357.0,349.2003,781364,332.269,363.73
2026-08-26,28573007.863175,345.8896,345.27,345.82,351.93,342.53,777658,334.644,362.4234
2026-08-27,30136164.230015,352.7071,346.155,354.81,355.74,345.45,752538,336.942,361.4264
2026-08-28,32972214.734557,350.3729,357.095,348.75,358.8,345.2,812152,338.819,360.4738
2026-08-31,61732258.126776,364.3652,347.21,367.95,368.92,347.15,1242083,341.1125,359.82300000000004
2026-09-01,36193926.462319,357.1775,360.9,356.09,362.7,352.96,916982,342.54949999999997,358.8438
2026-09-02,33951909.243169,354.0669,360.41,357.01,360.62,349.92,861932,344.3225,358.3518
2026-09-03,63600987.652192,377.5489,365.82,376.365,384.04,365.82,1406108,347.16425,358.3685
2026-09-04,65018209.883669,355.417,362.07,354.08,364.69,351.3201,1528632,348.43925,357.94769999999994
2026-09-08,51078786.32705,364.8015,357.095,368.16,370.0,355.75,1240911,350.30325000000005,357.7167
2026-09-09,32564336.431245,370.1064,368.25,367.81,375.44,366.0,859131,352.05325,356.8361
2026-09-10,29667241.136857,365.1828,360.595,363.56,369.21,357.68,769184,353.85575,355.6953
2026-09-11,30153019.741801,365.3518,364.2,365.44,368.66,361.6,758522,355.12974999999994,354.49809999999997
2026-09-14,32477181.828982,360.8797,359.78,358.97,367.73,357.04,830601,355.96475,353.8085
2026-09-15,30317727.859036,358.5177,358.75,356.58,362.39,354.05,769447,356.82875,352.5446999999999
2026-09-16,32177388.320279,360.2834,357.925,358.08,365.1,354.8913,821766,357.88925,351.6483
2026-09-17,38924057.014202,367.5783,367.48,366.2,374.12,363.22,858601,358.64324999999997,351.0911
